filename,labels
Code2.png,exploratory
Code2.png,ML
Code2.png,speechrecognition
Code2.png,of
Code2.png,some
Code2.png,predictions
Code2.png,agriculture
Code2.png,''
Code2.png,tomake
Code2.png,machine
Code2.png,order
Code2.png,conventionalalgorithms
Code2.png,learn
Code2.png,theory
Code2.png,mimics
Code2.png,is
Code2.png,field
Code2.png,that
Code2.png,networks
Code2.png,email
Code2.png,it
Code2.png,learningalgorithms
Code2.png,-that
Code2.png,analytics
Code2.png,improve
Code2.png,study
Code2.png,tasks1
Code2.png,learning
Code2.png,training
Code2.png,computer
Code2.png,set
Code2.png,mathematicaloptimization
Code2.png,statistics
Code2.png,applications
Code2.png,domains
Code2.png,delivers
Code2.png,analysis
Code2.png,use
Code2.png,methods
Code2.png,its
Code2.png,to
Code2.png,isfield
Code2.png,brain
Code2.png,business
Code2.png,inquiry
Code2.png,understanding
Code2.png,intelligenceMachine
Code2.png,as
Code2.png,decisions
Code2.png,performance
Code2.png,devoted
Code2.png,``
Code2.png,on
Code2.png,or
Code2.png,vision
Code2.png,in
Code2.png,tasks
Code2.png,data
Code2.png,Datamining
Code2.png,subset
Code2.png,variety
Code2.png,implementations
Code2.png,and
Code2.png,building
Code2.png,problems
Code2.png,It
Code2.png,Machine
Code2.png,medicine
Code2.png,buildmodel
Code2.png,makingpredictions
Code2.png,computers
Code2.png,the
Code2.png,application
Code2.png,leverage
